[1549396939.0, 0.75, 0.95, 0.86, 529.59, 4037.89, 862.2, 341.38, 1293.64, 201.12] True
[1549396999.0, 0.76, 0.94, 0.84, 529.98, 4325.36, 824.76, 340.19, 1499.74, 213.55] True
[1549397059.0, 0.76, 0.95, 0.82, 526.68, 4380.86, 775.41, 331.36, 1288.59, 237.2] True
[1549397119.0, 0.76, 0.93, 0.82, 527.06, 4510.27, 775.06, 333.09, 1758.17, 236.09] True
[1549397180.0, 0.76, 0.95, 0.82, 526.04, 4546.62, 779.21, 332.28, 1472.2, 235.98] True
[1549397240.0, 0.76, 0.93, 0.82, 527.12, 3426.82, 779.33, 330.91, 1140.33, 239.82] True
[1549397300.0, 0.76, 0.91, 0.83, 527.45, 2342.99, 722.91, 329.94, 943.27, 238.99] True
[1549397360.0, 0.76, 0.88, 0.83, 531.34, 1825.36, 682.36, 336.75, 888.76, 237.82] True
[1549397421.0, 0.76, 0.88, 0.83, 530.42, 1770.27, 682.27, 339.57, 840.43, 238.97] True
[1549397481.0, 0.76, 0.89, 0.83, 530.76, 1708.64, 683.94, 340.57, 774.5, 240.28] True
[1549397541.0, 0.76, 0.89, 0.83, 530.48, 1676.72, 681.51, 342.4, 739.38, 237.92] True
[1549397601.0, 0.76, 0.89, 0.83, 529.45, 1686.4, 679.98, 340.71, 739.75, 234.47] True
[1549397662.0, 0.76, 0.89, 0.83, 527.87, 1756.87, 679.43, 336.01, 787.96, 234.01] True
[1549397722.0, 0.76, 0.89, 0.83, 528.39, 1759.53, 680.82, 338.65, 814.48, 232.48] True
[1549397782.0, 0.76, 0.89, 0.83, 528.66, 1754.85, 683.06, 339.87, 817.55, 233.48] True
[1549397842.0, 0.76, 0.89, 0.83, 528.13, 1751.14, 684.26, 339.73, 820.11, 234.21] True
[1549397903.0, 0.76, 0.89, 0.83, 527.18, 1694.42, 687.48, 336.41, 751.24, 233.85] True
[1549397963.0, 0.76, 0.89, 0.83, 529.07, 1675.96, 685.9, 342.58, 728.52, 235.66] True
[1549398023.0, 0.76, 0.89, 0.83, 528.74, 1675.24, 686.29, 341.23, 752.05, 239.67] True
[1549398083.0, 0.76, 0.89, 0.83, 528.36, 1675.51, 689.48, 340.61, 751.97, 238.59] True
[1549398144.0, 0.76, 0.89, 0.83, 528.12, 1673.5, 686.27, 341.34, 753.67, 239.79] True
[1549398204.0, 0.76, 0.89, 0.83, 528.01, 1677.6, 686.3, 339.53, 752.32, 239.29] True
[1549398264.0, 0.76, 0.89, 0.83, 528.53, 1677.16, 688.95, 342.04, 745.62, 237.36] True
[1549398324.0, 0.74, 0.89, 0.83, 604.57, 1693.85, 685.59, 471.0, 767.55, 236.66] True
[1549398385.0, 0.72, 0.84, 0.83, 712.03, 2053.34, 683.05, 623.93, 1210.83, 231.3] True
[1549398445.0, 0.72, 0.89, 0.83, 712.81, 2083.49, 678.5, 614.35, 966.22, 231.64] True
[1549398505.0, 0.72, 0.93, 0.83, 711.28, 2103.45, 675.24, 605.9, 695.24, 225.82] True
[1549398565.0, 0.72, 0.92, 0.83, 712.2, 2247.92, 670.38, 608.39, 809.28, 218.73] True
[1549398626.0, 0.72, 0.92, 0.84, 718.71, 2241.47, 672.47, 625.99, 831.43, 218.08] True
[1549398686.0, 0.71, 0.92, 0.84, 721.1, 2259.54, 673.42, 634.93, 836.37, 218.49] True
[1549398746.0, 0.71, 0.92, 0.83, 728.45, 2270.44, 674.49, 645.27, 855.89, 218.75] True
[1549398806.0, 0.72, 0.93, 0.83, 731.09, 2183.87, 634.64, 638.64, 769.72, 165.77] True
[1549398867.0, 0.72, 0.92, 0.82, 726.64, 2208.27, 568.18, 629.75, 814.74, 71.3] True
[1549398927.0, 0.72, 0.93, 0.82, 718.86, 2162.86, 572.99, 621.82, 772.14, 71.37] True
[1549398987.0, 0.72, 0.93, 0.82, 717.21, 2161.34, 582.25, 620.74, 770.43, 74.61] True
[1549399047.0, 0.72, 0.92, 0.82, 715.1, 2195.81, 588.42, 617.69, 822.82, 75.91] True
[1549399108.0, 0.72, 0.92, 0.82, 713.57, 2197.89, 570.64, 615.46, 818.27, 75.64] True
[1549399170.0, 0.72, 0.92, 0.82, 715.15, 2194.19, 568.43, 613.88, 816.08, 74.62] True
[1549399230.0, 0.72, 0.92, 0.82, 717.86, 2174.89, 567.29, 624.26, 788.31, 72.88] True
[1549399290.0, 0.72, 0.93, 0.82, 716.03, 2117.19, 567.69, 619.76, 720.35, 72.24] True
[1549399350.0, 0.72, 0.93, 0.82, 718.07, 2120.15, 566.62, 615.79, 720.33, 70.32] True
[1549399410.0, 0.72, 0.93, 0.81, 724.95, 2094.65, 564.9, 620.7, 685.79, 72.23] True
[1549399469.0, 0.77, 0.93, 0.81, 919.65, 2159.21, 563.2, 615.55, 749.84, 74.5] True
[1549399529.0, 0.73, 0.93, 0.82, 743.84, 2166.36, 567.09, 613.83, 778.33, 72.71] True
[1549399590.0, 0.72, 0.93, 0.82, 718.85, 2125.62, 568.48, 614.73, 749.11, 71.71] True
[1549399650.0, 0.72, 0.93, 0.82, 712.07, 2089.83, 570.89, 613.1, 734.33, 71.74] True
[1549399710.0, 0.71, 0.93, 0.82, 704.97, 2030.74, 571.26, 619.34, 665.77, 72.58] True
[1549399770.0, 0.69, 0.93, 0.82, 673.65, 2034.81, 571.55, 632.69, 669.29, 72.67] True
[1549399831.0, 0.67, 0.93, 0.82, 648.5, 2034.02, 572.19, 645.76, 668.86, 72.84] True
[1549399891.0, 0.68, 0.87, 0.82, 624.36, 2170.19, 575.39, 612.19, 1142.22, 70.38] True
[1549399951.0, 0.68, 0.91, 0.82, 551.93, 2096.74, 573.29, 515.5, 824.28, 71.7] True
[1549400011.0, 0.68, 0.94, 0.82, 551.54, 2010.49, 572.24, 513.61, 606.92, 72.25] True
[1549400072.0, 0.68, 0.94, 0.82, 547.41, 2002.13, 571.74, 503.02, 604.49, 73.39] True
[1549400132.0, 0.68, 0.91, 0.82, 547.78, 2107.13, 574.72, 504.47, 820.03, 72.24] True
[1549400192.0, 0.68, 0.94, 0.82, 547.74, 2024.31, 571.64, 503.9, 621.26, 73.94] True
[1549400253.0, 0.69, 0.94, 0.82, 547.6, 1975.41, 574.54, 503.18, 596.16, 73.76] True
[1549400313.0, 0.69, 0.93, 0.82, 547.27, 1875.68, 570.82, 501.66, 626.46, 73.25] True
[1549400373.0, 0.7, 0.9, 0.82, 386.49, 2057.39, 565.64, 269.24, 934.32, 69.63] True
[1549400433.0, 0.7, 0.93, 0.82, 362.21, 1903.5, 564.88, 233.92, 661.83, 71.5] True
[1549400494.0, 0.65, 0.92, 0.82, 262.47, 1972.0, 565.78, 141.16, 733.72, 70.42] True
[1549400554.0, 0.62, 0.91, 0.82, 216.18, 2009.87, 565.47, 98.65, 853.71, 69.86] True
[1549400614.0, 0.62, 0.92, 0.82, 216.23, 1977.84, 564.75, 98.32, 756.4, 70.11] True
[1549400674.0, 0.62, 0.93, 0.82, 215.52, 1913.93, 563.72, 94.62, 663.48, 70.78] True
[1549400735.0, 0.63, 0.93, 0.82, 215.46, 1923.59, 564.43, 94.66, 655.36, 71.05] True
[1549400795.0, 0.62, 0.9, 0.82, 215.93, 2066.58, 564.39, 97.61, 929.4, 69.61] True
[1549400855.0, 0.63, 0.93, 0.82, 216.16, 1919.68, 563.55, 97.08, 653.92, 71.21] True
[1549400915.0, 0.63, 0.93, 0.79, 216.11, 1896.34, 500.74, 96.73, 646.86, 73.03] True
[1549400975.0, 0.63, 0.93, 0.75, 216.19, 1894.27, 436.28, 97.43, 647.67, 76.27] True
[1549401036.0, 0.62, 0.9, 0.75, 216.33, 1960.58, 439.14, 99.19, 846.62, 74.86] True
[1549401096.0, 0.63, 0.94, 0.75, 216.51, 1798.97, 438.49, 98.87, 568.29, 76.78] True
[1549401156.0, 0.63, 0.94, 0.75, 216.65, 1800.19, 438.75, 99.06, 567.48, 77.04] True
[1549401216.0, 0.62, 0.91, 0.75, 216.47, 1961.02, 439.74, 99.95, 837.47, 75.68] True
[1549401277.0, 0.63, 0.93, 0.75, 216.05, 1907.62, 438.72, 97.34, 690.33, 77.28] True
[1549401337.0, 0.63, 0.93, 0.75, 215.85, 1870.87, 439.03, 96.03, 652.14, 76.96] True
[1549401397.0, 0.63, 0.93, 0.75, 215.85, 1868.66, 439.86, 95.48, 652.18, 75.83] True
[1549401457.0, 0.62, 0.89, 0.75, 215.61, 2045.99, 439.63, 96.01, 959.19, 73.66] True
[1549401518.0, 0.62, 0.91, 0.75, 215.62, 2041.78, 439.08, 95.71, 823.23, 74.81] True
[1549401578.0, 0.63, 0.92, 0.75, 216.41, 2020.9, 438.43, 100.24, 801.53, 75.57] True
[1549401638.0, 0.63, 0.92, 0.75, 216.85, 2022.77, 438.79, 103.25, 793.81, 75.77] True
[1549401698.0, 0.63, 0.92, 0.75, 216.97, 2018.41, 439.04, 103.96, 796.44, 76.51] True
[1549401759.0, 0.63, 0.92, 0.75, 216.95, 2012.86, 438.25, 103.95, 791.73, 76.38] True
[1549401819.0, 0.63, 0.92, 0.75, 216.5, 2015.92, 438.79, 101.99, 795.88, 77.04] True
[1549401879.0, 0.63, 0.92, 0.75, 215.71, 2023.36, 440.55, 98.15, 804.47, 77.15] True
[1549401940.0, 0.63, 0.91, 0.75, 215.64, 2021.1, 440.37, 97.63, 807.28, 77.26] True
[1549402000.0, 0.63, 0.92, 0.75, 215.63, 2020.09, 439.73, 97.36, 801.67, 76.46] True
[1549402060.0, 0.63, 0.92, 0.75, 215.61, 2018.17, 438.6, 97.25, 799.93, 75.76] True
[1549402120.0, 0.63, 0.91, 0.75, 215.73, 2099.83, 439.0, 98.57, 869.84, 75.97] True
[1549402181.0, 0.63, 0.91, 0.75, 216.44, 2096.07, 439.2, 102.15, 886.28, 76.19] True
[1549402241.0, 0.63, 0.91, 0.75, 216.39, 2094.21, 439.19, 101.23, 886.94, 75.53] True
[1549402301.0, 0.63, 0.9, 0.75, 216.35, 2172.49, 438.49, 101.62, 973.24, 74.7] True
[1549402361.0, 0.62, 0.91, 0.75, 216.39, 2104.4, 439.84, 101.28, 900.24, 74.68] True
[1549402422.0, 0.62, 0.91, 0.75, 216.09, 2095.99, 440.28, 99.17, 889.0, 75.36] True
[1549402482.0, 0.63, 0.91, 0.75, 215.76, 2093.31, 438.81, 97.55, 883.7, 75.66] True
[1549402542.0, 0.63, 0.91, 0.75, 215.77, 2092.8, 439.85, 97.87, 885.29, 76.46] True
[1549402602.0, 0.63, 0.91, 0.76, 216.15, 2090.28, 439.63, 100.5, 882.85, 77.5] True
[1549402663.0, 0.63, 0.91, 0.75, 216.22, 2082.76, 439.56, 101.06, 878.51, 77.58] True
[1549402723.0, 0.63, 0.91, 0.75, 216.28, 2084.72, 438.79, 101.51, 882.22, 77.34] True
[1549402783.0, 0.62, 0.91, 0.75, 216.77, 2085.07, 438.87, 102.84, 881.66, 76.93] True
[1549402843.0, 0.62, 0.92, 0.75, 216.66, 2025.26, 438.57, 101.71, 803.53, 76.96] True
[1549402904.0, 0.63, 0.92, 0.75, 216.63, 2015.25, 439.86, 102.03, 785.93, 77.8] True
[1549402964.0, 0.63, 0.92, 0.75, 216.68, 2016.74, 438.88, 102.62, 788.22, 78.15] True
[1549403024.0, 0.62, 0.91, 0.75, 216.52, 2101.86, 438.74, 102.06, 866.43, 77.02] True
[1549403084.0, 0.63, 0.91, 0.75, 215.82, 2089.9, 439.56, 99.08, 875.47, 78.27] True
[1549403144.0, 0.63, 0.91, 0.75, 215.88, 2085.88, 438.47, 98.79, 874.42, 78.37] True
[1549403205.0, 0.63, 0.91, 0.75, 215.98, 2083.59, 439.29, 99.6, 875.06, 79.05] True
[1549403265.0, 0.63, 0.92, 0.75, 216.14, 2019.96, 439.91, 100.24, 792.86, 79.92] True
[1549403325.0, 0.63, 0.92, 0.75, 216.28, 2017.53, 439.55, 100.84, 782.16, 80.2] True
[1549403385.0, 0.62, 0.92, 0.75, 217.47, 2025.37, 438.72, 106.35, 768.49, 79.1] True
[1549403446.0, 0.62, 0.92, 0.75, 217.51, 2022.26, 438.57, 106.67, 770.48, 78.8] True
[1549403506.0, 0.62, 0.92, 0.75, 217.42, 2024.56, 439.53, 106.51, 769.34, 78.93] True
[1549403566.0, 0.62, 0.92, 0.75, 217.0, 2027.69, 438.41, 103.85, 768.62, 78.46] True
[1549403627.0, 0.62, 0.92, 0.75, 217.07, 2026.75, 439.54, 104.28, 770.94, 78.75] True
[1549403687.0, 0.62, 0.92, 0.75, 217.09, 2026.98, 441.0, 104.22, 772.16, 78.61] True
[1549403747.0, 0.63, 0.92, 0.75, 216.27, 2025.87, 440.63, 100.26, 773.95, 79.35] True
[1549403807.0, 0.63, 0.92, 0.75, 216.21, 2023.9, 439.42, 99.84, 772.87, 79.99] True
[1549403868.0, 0.63, 0.92, 0.75, 216.27, 2025.38, 439.17, 99.92, 769.48, 80.78] True
[1549403928.0, 0.63, 0.91, 0.75, 216.18, 2113.97, 439.78, 100.15, 856.74, 80.16] True
[1549403988.0, 0.62, 0.91, 0.75, 216.83, 2104.18, 439.14, 103.32, 858.55, 80.43] True
[1549404048.0, 0.62, 0.91, 0.75, 216.99, 2100.21, 439.14, 103.92, 864.83, 79.18] True
[1549404108.0, 0.62, 0.91, 0.75, 217.13, 2094.92, 439.61, 103.95, 856.62, 78.66] True
[1549404169.0, 0.62, 0.92, 0.75, 217.22, 2062.83, 439.55, 104.46, 805.96, 79.34] True
[1549404229.0, 0.62, 0.91, 0.75, 217.19, 2119.85, 439.68, 104.18, 866.67, 77.84] True
[1549404289.0, 0.62, 0.91, 0.75, 217.44, 2111.08, 439.37, 105.64, 869.33, 78.71] True
[1549404349.0, 0.62, 0.91, 0.75, 216.89, 2105.85, 440.17, 102.88, 868.64, 78.99] True
[1549404410.0, 0.62, 0.91, 0.75, 216.76, 2101.8, 439.46, 101.91, 865.72, 78.2] True
[1549404470.0, 0.62, 0.91, 0.75, 216.53, 2102.61, 439.57, 100.64, 869.6, 78.55] True
[1549404530.0, 0.62, 0.91, 0.75, 216.25, 2103.98, 439.3, 99.6, 864.22, 78.99] True
[1549404590.0, 0.62, 0.91, 0.75, 216.96, 2106.25, 439.02, 103.92, 872.17, 78.79] True
[1549404651.0, 0.62, 0.91, 0.75, 217.14, 2100.26, 439.14, 104.26, 868.1, 78.91] True
[1549404711.0, 0.62, 0.91, 0.75, 217.08, 2100.62, 439.81, 103.86, 868.02, 78.58] True
[1549404771.0, 0.62, 0.92, 0.75, 217.21, 2064.28, 439.24, 103.92, 802.38, 78.84] True
[1549404831.0, 0.62, 0.91, 0.75, 217.18, 2122.48, 438.66, 104.68, 870.46, 78.99] True
[1549404892.0, 0.62, 0.91, 0.75, 217.23, 2117.55, 438.94, 104.89, 870.2, 78.95] True
[1549404952.0, 0.62, 0.91, 0.75, 216.48, 2107.12, 439.72, 100.99, 868.91, 79.34] True
[1549405012.0, 0.62, 0.91, 0.75, 216.46, 2092.48, 439.72, 100.38, 853.92, 78.82] True
[1549405072.0, 0.62, 0.92, 0.75, 216.22, 2035.2, 439.61, 100.6, 778.32, 79.26] True
[1549405133.0, 0.62, 0.92, 0.75, 216.61, 2042.39, 439.44, 103.05, 785.41, 78.91] True
[1549405193.0, 0.62, 0.92, 0.76, 217.06, 2041.41, 439.29, 105.07, 784.62, 78.6] True
[1549405253.0, 0.61, 0.92, 0.76, 217.41, 2042.01, 439.74, 106.47, 787.32, 78.75] True
[1549405313.0, 0.61, 0.92, 0.75, 216.93, 2042.25, 439.05, 103.63, 784.32, 78.63] True
[1549405374.0, 0.61, 0.92, 0.75, 216.95, 2040.74, 440.09, 103.81, 788.41, 79.3] True
[1549405434.0, 0.61, 0.92, 0.75, 216.96, 2041.47, 438.95, 103.97, 789.09, 78.51] True
[1549405494.0, 0.61, 0.92, 0.76, 216.84, 2043.64, 441.74, 103.18, 782.59, 77.35] True
[1549405555.0, 0.61, 0.92, 0.75, 216.8, 2049.62, 438.97, 103.18, 780.82, 77.71] True
[1549405615.0, 0.62, 0.92, 0.75, 216.02, 2043.0, 439.38, 99.66, 780.08, 79.16] True
[1549405675.0, 0.62, 0.92, 0.75, 216.12, 2065.74, 439.42, 99.78, 796.63, 79.19] True
[1549405735.0, 0.62, 0.91, 0.75, 216.42, 2128.77, 439.83, 100.15, 876.33, 79.04] True
[1549405796.0, 0.62, 0.91, 0.75, 216.45, 2117.72, 439.13, 100.01, 876.23, 78.6] True
[1549405856.0, 0.62, 0.91, 0.75, 216.98, 2111.09, 439.34, 102.62, 872.57, 78.77] True
[1549405916.0, 0.61, 0.91, 0.75, 217.36, 2095.65, 438.86, 104.3, 854.87, 79.32] True
[1549405976.0, 0.61, 0.92, 0.75, 217.33, 2038.29, 440.01, 103.66, 780.04, 79.62] True
[1549406037.0, 0.61, 0.92, 0.75, 217.79, 2039.88, 438.82, 106.23, 780.91, 79.31] True
[1549406097.0, 0.61, 0.91, 0.75, 217.74, 2110.73, 439.15, 106.37, 860.76, 78.6] True
[1549406157.0, 0.61, 0.91, 0.75, 217.72, 2120.3, 439.53, 106.39, 879.84, 78.67] True
[1549406217.0, 0.62, 0.91, 0.75, 217.3, 2119.27, 439.09, 104.52, 877.2, 79.66] True
[1549406278.0, 0.62, 0.91, 0.75, 216.53, 2112.17, 438.94, 100.23, 873.32, 79.44] True
[1549406338.0, 0.62, 0.91, 0.75, 216.46, 2112.42, 440.09, 99.97, 878.3, 78.89] True
[1549406400.0, 0.62, 0.91, 0.75, 216.44, 2114.48, 439.07, 99.8, 879.98, 78.46] True
[1549406460.0, 0.62, 0.91, 0.75, 216.43, 2111.86, 440.08, 99.9, 876.1, 78.58] True
[1549406519.0, 0.62, 0.91, 0.75, 216.92, 2108.08, 439.44, 102.26, 873.0, 78.69] True
[1549406580.0, 0.61, 0.91, 0.75, 217.05, 2141.35, 439.54, 102.85, 898.7, 76.58] True
[1549406640.0, 0.61, 0.91, 0.75, 217.07, 2168.45, 439.4, 103.22, 930.3, 77.2] True
[1549406700.0, 0.61, 0.91, 0.75, 217.13, 2113.79, 439.05, 102.77, 869.19, 77.32] True
[1549406760.0, 0.61, 0.91, 0.75, 217.06, 2109.72, 439.28, 103.18, 872.38, 78.13] True
[1549406820.0, 0.61, 0.91, 0.75, 217.13, 2080.54, 439.46, 102.9, 839.13, 77.81] True
[1549406880.0, 0.62, 0.92, 0.76, 217.4, 2040.08, 439.37, 104.37, 776.42, 78.21] True
[1549406940.0, 0.62, 0.92, 0.75, 216.78, 2038.22, 438.53, 101.69, 780.77, 78.63] True
[1549407001.0, 0.62, 0.92, 0.75, 216.83, 2035.11, 438.53, 102.04, 779.0, 78.85] True
[1549407061.0, 0.62, 0.92, 0.75, 216.35, 2036.19, 439.17, 99.18, 778.36, 78.19] True
[1549407121.0, 0.62, 0.92, 0.75, 216.49, 2036.17, 438.77, 99.81, 776.54, 78.53] True
[1549407181.0, 0.62, 0.92, 0.75, 217.12, 2037.16, 438.6, 102.82, 778.32, 77.48] True
[1549407242.0, 0.62, 0.92, 0.75, 217.15, 2033.87, 439.21, 102.82, 774.48, 77.34] True
[1549407302.0, 0.62, 0.92, 0.75, 217.11, 2034.86, 440.54, 102.64, 772.67, 76.84] True
[1549407362.0, 0.61, 0.92, 0.75, 217.12, 2035.38, 438.57, 102.26, 773.27, 76.67] True
[1549407422.0, 0.61, 0.92, 0.75, 217.13, 2030.92, 438.93, 102.29, 768.49, 76.94] True
[1549407483.0, 0.61, 0.92, 0.75, 217.13, 2075.56, 438.74, 103.0, 803.3, 77.86] True
[1549407543.0, 0.62, 0.92, 0.75, 216.27, 2121.35, 438.86, 99.22, 857.69, 77.48] True
[1549407603.0, 0.62, 0.91, 0.75, 216.25, 2105.83, 438.79, 99.16, 857.58, 77.75] True
[1549407663.0, 0.62, 0.91, 0.75, 216.42, 2105.03, 438.67, 99.9, 862.56, 77.81] True
[1549407724.0, 0.62, 0.92, 0.76, 216.91, 2072.06, 439.0, 102.02, 824.54, 78.07] True
[1549407784.0, 0.61, 0.92, 0.76, 217.7, 2034.61, 439.38, 105.25, 775.12, 77.81] True
[1549407844.0, 0.61, 0.92, 0.76, 217.59, 2036.21, 438.6, 104.76, 772.59, 77.64] True
[1549407904.0, 0.61, 0.92, 0.75, 217.29, 2038.5, 438.34, 103.32, 775.57, 77.86] True
[1549407965.0, 0.61, 0.92, 0.75, 217.21, 2100.59, 439.07, 103.45, 844.2, 77.36] True
[1549408025.0, 0.61, 0.91, 0.75, 217.24, 2115.47, 439.14, 103.83, 866.66, 77.71] True
[1549408085.0, 0.61, 0.91, 0.75, 217.15, 2112.51, 439.37, 103.18, 864.57, 77.25] True
[1549408145.0, 0.62, 0.91, 0.75, 216.59, 2110.95, 439.64, 100.42, 865.29, 77.78] True
[1549408206.0, 0.62, 0.91, 0.75, 216.33, 2117.16, 438.72, 99.25, 863.46, 78.46] True
[1549408266.0, 0.62, 0.91, 0.75, 216.41, 2109.56, 439.29, 99.72, 865.41, 79.13] True
[1549408326.0, 0.62, 0.91, 0.75, 216.41, 2110.24, 439.22, 99.85, 868.64, 79.17] True
[1549408386.0, 0.62, 0.91, 0.75, 216.74, 2153.53, 440.17, 101.84, 901.44, 78.62] True
[1549408447.0, 0.61, 0.91, 0.75, 217.3, 2193.01, 439.18, 104.75, 957.81, 77.96] True
[1549408509.0, 0.61, 0.91, 0.75, 217.78, 2159.47, 439.41, 106.85, 921.84, 77.82] True
[1549408569.0, 0.61, 0.91, 0.75, 217.85, 2110.81, 438.81, 106.93, 862.91, 78.63] True
[1549408629.0, 0.61, 0.92, 0.75, 217.96, 2075.81, 439.09, 106.66, 817.19, 78.53] True
[1549408689.0, 0.61, 0.92, 0.75, 217.69, 2042.8, 438.89, 104.71, 774.6, 79.21] True
[1549408748.0, 0.61, 0.92, 0.75, 217.8, 2049.83, 439.17, 105.44, 782.77, 79.83] True
[1549408808.0, 0.61, 0.92, 0.75, 217.69, 2054.69, 439.51, 105.51, 785.7, 81.18] True
[1549408868.0, 0.62, 0.92, 0.75, 216.99, 2055.88, 439.72, 102.45, 783.99, 81.82] True
[1549408928.0, 0.62, 0.92, 0.75, 217.04, 2053.62, 439.63, 102.56, 784.64, 81.81] True
[1549408989.0, 0.62, 0.92, 0.75, 216.65, 2054.08, 440.21, 102.73, 785.98, 81.71] True
[1549409049.0, 0.62, 0.92, 0.75, 216.8, 2055.07, 440.17, 103.44, 787.2, 82.29] True
[1549409109.0, 0.61, 0.92, 0.76, 217.46, 2052.71, 442.9, 105.99, 781.96, 80.09] True
[1549409169.0, 0.61, 0.92, 0.75, 216.79, 2036.9, 438.78, 102.04, 767.65, 75.95] True
[1549409230.0, 0.61, 0.92, 0.75, 217.2, 2044.74, 439.46, 103.91, 777.67, 77.81] True
[1549409290.0, 0.61, 0.92, 0.75, 217.09, 2091.87, 438.65, 103.93, 811.8, 77.75] True
[1549409350.0, 0.61, 0.91, 0.76, 217.08, 2123.43, 438.98, 104.53, 861.43, 77.26] True
[1549409410.0, 0.61, 0.91, 0.76, 217.52, 2116.51, 439.0, 106.57, 865.2, 77.45] True
[1549409471.0, 0.61, 0.91, 0.76, 217.42, 2118.54, 438.72, 105.79, 865.96, 77.48] True
[1549409531.0, 0.61, 0.92, 0.75, 216.61, 2080.19, 439.05, 101.28, 818.36, 77.57] True
[1549409591.0, 0.61, 0.92, 0.75, 216.32, 2041.89, 439.9, 99.27, 774.64, 77.9] True
[1549409651.0, 0.61, 0.92, 0.75, 216.3, 2043.78, 438.72, 99.18, 773.73, 77.63] True
[1549409712.0, 0.61, 0.92, 0.75, 216.58, 2037.79, 438.98, 100.64, 771.0, 78.08] True
[1549409772.0, 0.61, 0.92, 0.75, 217.01, 2038.82, 438.66, 103.41, 772.48, 77.21] True
[1549409832.0, 0.62, 0.92, 0.75, 216.87, 2114.51, 438.93, 103.75, 855.05, 76.09] True
[1549409892.0, 0.62, 0.91, 0.75, 216.87, 2113.08, 439.08, 103.71, 861.24, 75.34] True
[1549409953.0, 0.62, 0.91, 0.75, 216.76, 2110.77, 438.94, 103.11, 861.08, 74.64] True
[1549410013.0, 0.62, 0.91, 0.75, 216.63, 2107.37, 438.15, 102.32, 858.96, 74.4] True
[1549410073.0, 0.62, 0.91, 0.75, 216.6, 2105.72, 438.53, 101.96, 856.15, 74.18] True
[1549410133.0, 0.62, 0.92, 0.75, 216.15, 2105.24, 438.41, 99.61, 848.95, 74.31] True
[1549410194.0, 0.62, 0.91, 0.76, 216.01, 2146.55, 439.38, 99.25, 884.75, 73.39] True
[1549410254.0, 0.62, 0.91, 0.76, 216.03, 2181.85, 438.85, 99.95, 938.52, 73.88] True
[1549410314.0, 0.62, 0.91, 0.76, 215.94, 2170.83, 438.8, 99.58, 938.51, 74.74] True
[1549410374.0, 0.62, 0.91, 0.76, 216.22, 2122.57, 437.77, 100.49, 880.33, 74.84] True
[1549410435.0, 0.62, 0.92, 0.76, 216.44, 2063.66, 438.24, 101.11, 807.79, 75.14] True
[1549410495.0, 0.62, 0.92, 0.76, 216.54, 2025.71, 437.9, 101.0, 754.66, 75.14] True
[1549410555.0, 0.62, 0.92, 0.76, 216.5, 2029.79, 438.18, 101.03, 748.61, 75.02] True
[1549410615.0, 0.67, 0.92, 0.75, 292.52, 2029.37, 438.24, 166.74, 758.96, 75.69] True
[1549410676.0, 0.69, 0.92, 0.76, 329.01, 2026.93, 437.15, 227.91, 756.61, 75.28] True
[1549410736.0, 0.69, 0.92, 0.76, 323.52, 2028.61, 437.85, 227.68, 756.68, 75.01] True
[1549410796.0, 0.69, 0.92, 0.76, 320.25, 2032.42, 439.04, 225.16, 754.75, 76.38] True
[1549410856.0, 0.69, 0.92, 0.76, 318.84, 2035.26, 438.36, 224.35, 760.88, 76.58] True
[1549410917.0, 0.69, 0.92, 0.76, 318.56, 2033.45, 440.59, 224.63, 761.03, 76.46] True
[1549410977.0, 0.69, 0.92, 0.76, 318.96, 2035.89, 438.02, 225.97, 759.2, 76.46] True
[1549411037.0, 0.68, 0.92, 0.76, 320.39, 2030.33, 438.38, 231.45, 756.68, 76.23] True
[1549411097.0, 0.68, 0.92, 0.76, 321.05, 2096.39, 437.43, 231.71, 793.57, 75.59] True
[1549411158.0, 0.68, 0.92, 0.76, 321.45, 2112.19, 437.92, 228.84, 843.72, 74.09] True
[1549411218.0, 0.68, 0.92, 0.76, 321.87, 2101.58, 438.06, 226.58, 842.31, 73.76] True
[1549411278.0, 0.69, 0.92, 0.76, 322.43, 2096.93, 438.21, 227.09, 840.5, 74.39] True
[1549411338.0, 0.69, 0.92, 0.76, 322.67, 2059.95, 438.5, 227.08, 798.42, 75.17] True
[1549411399.0, 0.69, 0.92, 0.76, 322.97, 2025.62, 438.75, 227.45, 753.78, 75.8] True
[1549411459.0, 0.69, 0.92, 0.75, 321.75, 2033.45, 438.0, 221.75, 750.82, 75.42] True
[1549411519.0, 0.69, 0.92, 0.75, 321.55, 2021.8, 437.98, 220.12, 747.55, 75.66] True
[1549411579.0, 0.69, 0.92, 0.76, 321.39, 2022.65, 437.99, 219.66, 751.32, 75.23] True
[1549411640.0, 0.69, 0.92, 0.76, 321.22, 2017.82, 438.24, 220.51, 742.92, 75.56] True
[1549411700.0, 0.69, 0.92, 0.75, 321.53, 2096.94, 437.83, 225.98, 827.0, 74.12] True
[1549411760.0, 0.69, 0.92, 0.76, 321.28, 2093.45, 437.47, 227.05, 832.02, 73.71] True
[1549411820.0, 0.68, 0.92, 0.76, 321.15, 2086.55, 437.66, 227.72, 830.48, 73.42] True
[1549411881.0, 0.68, 0.92, 0.76, 320.93, 2086.43, 437.13, 226.82, 829.33, 72.18] True
[1549411941.0, 0.68, 0.92, 0.76, 320.5, 2083.23, 437.32, 224.79, 828.17, 71.97] True
[1549412001.0, 0.68, 0.92, 0.76, 319.94, 2128.49, 438.05, 223.28, 865.47, 71.68] True
[1549412061.0, 0.69, 0.91, 0.76, 319.44, 2172.7, 437.5, 221.54, 918.5, 71.01] True
[1549412122.0, 0.69, 0.91, 0.76, 318.45, 2161.31, 437.47, 217.97, 913.19, 71.98] True
[1549412182.0, 0.69, 0.91, 0.76, 318.33, 2157.5, 437.8, 218.23, 917.83, 72.76] True
[1549412242.0, 0.69, 0.92, 0.76, 318.29, 2081.41, 437.56, 218.02, 827.23, 73.43] True
[1549412302.0, 0.69, 0.93, 0.76, 318.58, 2014.09, 436.76, 219.02, 738.48, 73.61] True
[1549412363.0, 0.69, 0.93, 0.76, 319.29, 2011.4, 437.61, 223.19, 738.13, 73.44] True
[1549412423.0, 0.69, 0.93, 0.76, 319.25, 2014.42, 437.08, 222.34, 734.77, 73.32] True
[1549412483.0, 0.69, 0.93, 0.76, 319.13, 2014.86, 436.84, 222.14, 736.13, 72.83] True
[1549412543.0, 0.68, 0.93, 0.76, 318.84, 2011.88, 437.29, 221.78, 734.06, 72.17] True
[1549412604.0, 0.69, 0.93, 0.76, 318.56, 2010.14, 437.87, 221.53, 732.41, 72.47] True
[1549412664.0, 0.68, 0.93, 0.76, 318.86, 2009.62, 436.28, 224.59, 731.58, 71.98] True
[1549412724.0, 0.68, 0.93, 0.76, 318.55, 2007.67, 439.84, 224.46, 732.98, 72.05] True
[1549412784.0, 0.69, 0.93, 0.76, 317.43, 2007.36, 437.1, 220.0, 727.25, 71.97] True
[1549412845.0, 0.69, 0.93, 0.76, 316.37, 2011.6, 437.16, 215.75, 725.31, 72.03] True
[1549412905.0, 0.69, 0.93, 0.76, 316.22, 2053.76, 437.33, 215.92, 759.94, 72.54] True
[1549412965.0, 0.69, 0.92, 0.76, 316.23, 2093.6, 437.24, 216.11, 816.48, 72.41] True
[1549413025.0, 0.68, 0.92, 0.76, 316.78, 2083.44, 437.22, 219.13, 816.89, 71.71] True
[1549413086.0, 0.68, 0.92, 0.76, 316.79, 2081.77, 437.6, 220.58, 816.27, 71.45] True
[1549413146.0, 0.68, 0.92, 0.75, 316.57, 2067.02, 436.42, 220.59, 773.14, 71.46] True
[1549413206.0, 0.68, 0.93, 0.76, 316.42, 2011.72, 437.83, 220.18, 725.92, 71.54] True
[1549413266.0, 0.68, 0.93, 0.76, 316.19, 2009.81, 436.63, 219.45, 722.17, 71.2] True
[1549413327.0, 0.68, 0.93, 0.76, 315.9, 2011.46, 436.86, 219.34, 724.7, 71.61] True
[1549413387.0, 0.68, 0.93, 0.76, 316.03, 2006.84, 436.75, 221.21, 722.14, 72.8] True
[1549413447.0, 0.68, 0.93, 0.76, 316.21, 2005.79, 437.29, 223.19, 722.78, 73.78] True
[1549413507.0, 0.68, 0.93, 0.76, 314.96, 2004.45, 436.82, 217.99, 721.88, 73.71] True
[1549413568.0, 0.68, 0.92, 0.76, 314.45, 2073.39, 437.29, 216.6, 793.35, 72.97] True
[1549413628.0, 0.68, 0.92, 0.76, 314.02, 2085.85, 436.94, 215.31, 812.69, 72.59] True
[1549413688.0, 0.68, 0.92, 0.76, 313.9, 2087.57, 437.32, 215.24, 809.59, 72.07] True
[1549413748.0, 0.68, 0.92, 0.76, 314.81, 2075.89, 437.35, 220.79, 819.45, 71.75] True
[1549413809.0, 0.68, 0.92, 0.76, 314.65, 2117.31, 437.63, 220.34, 848.14, 71.29] True
[1549413869.0, 0.68, 0.91, 0.76, 314.18, 2159.68, 437.27, 220.06, 901.72, 70.78] True
[1549413929.0, 0.68, 0.91, 0.76, 313.9, 2146.53, 436.75, 219.65, 903.44, 70.86] True
[1549413989.0, 0.67, 0.91, 0.76, 314.14, 2143.59, 437.47, 219.07, 904.02, 70.84] True
[1549414050.0, 0.67, 0.91, 0.76, 314.66, 2112.17, 437.87, 221.59, 869.19, 71.64] True
[1549414110.0, 0.67, 0.92, 0.76, 314.8, 2045.69, 437.04, 222.64, 783.56, 73.13] True
[1549414170.0, 0.67, 0.93, 0.76, 314.44, 2008.57, 436.86, 221.15, 720.65, 73.55] True
[1549414230.0, 0.67, 0.93, 0.75, 313.64, 2002.17, 437.17, 217.42, 725.53, 74.13] True
[1549414291.0, 0.67, 0.93, 0.76, 313.44, 2002.19, 437.56, 216.4, 723.04, 72.93] True
[1549414351.0, 0.67, 0.93, 0.76, 313.33, 2000.83, 436.77, 216.16, 722.26, 72.51] True
[1549414411.0, 0.67, 0.93, 0.76, 313.3, 2003.17, 438.19, 216.96, 726.39, 72.31] True
[1549414471.0, 0.67, 0.93, 0.76, 314.18, 2000.02, 437.6, 221.43, 725.59, 72.04] True
[1549414532.0, 0.67, 0.93, 0.76, 314.27, 1957.9, 440.05, 221.95, 680.39, 72.47] True
[1549414592.0, 0.67, 0.94, 0.76, 314.44, 1809.19, 438.2, 222.2, 534.31, 73.87] True
[1549414652.0, 0.67, 0.94, 0.76, 314.24, 1808.18, 437.13, 221.74, 531.42, 73.26] True
[1549414712.0, 0.67, 0.94, 0.75, 314.07, 1849.07, 441.23, 221.62, 561.91, 73.03] True
[1549414773.0, 0.67, 0.94, 0.76, 314.0, 1895.91, 436.92, 221.72, 620.76, 72.93] True
[1549414833.0, 0.66, 0.9, 0.76, 314.03, 2085.13, 438.3, 224.17, 960.64, 72.19] True
[1549414893.0, 0.66, 0.93, 0.75, 314.39, 1892.2, 437.83, 224.45, 634.59, 75.39] True
[1549414953.0, 0.67, 0.94, 0.75, 313.3, 1860.26, 437.65, 219.92, 593.89, 76.64] True
[1549415014.0, 0.67, 0.94, 0.76, 313.07, 1817.31, 438.29, 218.95, 536.32, 76.3] True
[1549415074.0, 0.63, 0.94, 0.75, 247.81, 1818.86, 437.52, 135.79, 536.31, 76.24] True
[1549415134.0, 0.6, 0.9, 0.76, 216.85, 1979.77, 439.13, 97.71, 869.82, 74.88] True
[1549415194.0, 0.6, 0.94, 0.75, 217.8, 1819.14, 437.91, 100.2, 541.4, 75.97] True
[1549415255.0, 0.6, 0.94, 0.75, 217.71, 1818.08, 438.19, 100.29, 540.62, 76.65] True
[1549415315.0, 0.6, 0.94, 0.75, 217.5, 1815.44, 437.24, 99.13, 537.54, 75.78] True
[1549415375.0, 0.6, 0.91, 0.76, 217.41, 1945.18, 439.06, 99.95, 807.25, 74.49] True
[1549415435.0, 0.6, 0.94, 0.76, 217.43, 1851.32, 437.27, 99.57, 574.62, 75.88] True
[1549415496.0, 0.61, 0.94, 0.76, 217.3, 1896.16, 437.13, 99.6, 625.91, 75.36] True
[1549415556.0, 0.61, 0.94, 0.76, 217.17, 1886.97, 437.49, 98.97, 626.65, 74.93] True
[1549415616.0, 0.61, 0.9, 0.76, 216.74, 2058.07, 439.68, 98.51, 915.39, 74.45] True
[1549415676.0, 0.61, 0.93, 0.76, 216.32, 1970.64, 437.28, 95.62, 713.86, 74.8] True
[1549415737.0, 0.61, 0.93, 0.76, 216.33, 1960.72, 437.78, 95.32, 712.1, 74.47] True
[1549415797.0, 0.61, 0.93, 0.76, 216.39, 1962.18, 437.89, 95.67, 728.11, 74.62] True
[1549415857.0, 0.61, 0.9, 0.76, 216.69, 2063.63, 439.01, 98.07, 924.1, 73.37] True
[1549415917.0, 0.6, 0.94, 0.76, 217.24, 1883.17, 437.28, 98.53, 619.08, 73.85] True
[1549415978.0, 0.6, 0.94, 0.76, 217.2, 1884.31, 436.78, 98.0, 618.4, 73.5] True
[1549416038.0, 0.6, 0.93, 0.76, 217.22, 1865.49, 437.34, 98.15, 658.79, 73.34] True
[1549416098.0, 0.6, 0.93, 0.76, 217.17, 1885.65, 437.56, 98.62, 636.77, 74.0] True
[1549416158.0, 0.6, 0.94, 0.76, 217.2, 1812.36, 436.86, 98.3, 527.91, 74.93] True
[1549416219.0, 0.6, 0.94, 0.76, 217.23, 1809.11, 438.02, 98.18, 529.81, 75.16] True
[1549416279.0, 0.6, 0.91, 0.76, 217.03, 1935.95, 439.13, 98.12, 776.53, 73.11] True
[1549416339.0, 0.61, 0.94, 0.76, 216.89, 1811.09, 439.31, 96.65, 531.17, 74.97] True
[1549416399.0, 0.61, 0.94, 0.76, 216.42, 1808.71, 437.21, 94.73, 529.19, 76.18] True
[1549416460.0, 0.61, 0.92, 0.76, 216.37, 1868.91, 437.88, 95.35, 673.86, 75.42] True
[1549416520.0, 0.61, 0.93, 0.76, 216.5, 1903.95, 437.45, 95.9, 639.67, 76.01] True
[1549416580.0, 0.61, 0.94, 0.76, 217.06, 1901.53, 438.19, 98.4, 621.64, 76.32] True
[1549416640.0, 0.61, 0.94, 0.76, 217.53, 1890.89, 438.06, 100.55, 620.9, 76.36] True
[1549416701.0, 0.61, 0.91, 0.76, 217.23, 2010.74, 437.59, 100.36, 870.44, 74.78] True
[1549416761.0, 0.6, 0.94, 0.76, 217.38, 1863.94, 438.21, 99.17, 589.79, 75.83] True
[1549416821.0, 0.6, 0.95, 0.76, 217.45, 1815.84, 438.51, 99.23, 525.58, 76.4] True
[1549416881.0, 0.61, 0.94, 0.76, 217.42, 1812.9, 437.34, 99.55, 529.19, 77.11] True
[1549416942.0, 0.61, 0.91, 0.76, 217.28, 1955.67, 438.66, 100.62, 810.09, 76.08] True
[1549417002.0, 0.61, 0.94, 0.76, 217.53, 1812.82, 437.81, 100.33, 535.93, 77.47] True
[1549417062.0, 0.61, 0.94, 0.75, 216.99, 1815.7, 438.47, 97.79, 535.54, 77.91] True
[1549417122.0, 0.61, 0.92, 0.76, 216.62, 1921.69, 438.49, 96.78, 754.21, 76.44] True
[1549417183.0, 0.61, 0.94, 0.76, 216.74, 1826.02, 437.54, 96.43, 549.74, 77.44] True
[1549417243.0, 0.61, 0.94, 0.76, 216.72, 1815.77, 437.62, 96.5, 533.06, 77.94] True
[1549417303.0, 0.61, 0.94, 0.75, 217.49, 1825.27, 437.6, 100.34, 536.43, 77.77] True
[1549417363.0, 0.61, 0.9, 0.76, 217.43, 2026.8, 438.53, 101.14, 883.62, 75.42] True
[1549417424.0, 0.61, 0.94, 0.76, 217.62, 1920.52, 439.42, 101.32, 639.89, 77.61] True
[1549417484.0, 0.61, 0.93, 0.76, 217.53, 1984.23, 438.52, 100.83, 712.17, 76.8] True
[1549417544.0, 0.61, 0.91, 0.76, 217.45, 2048.75, 438.73, 101.26, 898.28, 75.96] True
[1549417604.0, 0.6, 0.92, 0.76, 217.59, 2004.03, 438.54, 100.94, 769.55, 76.38] True
[1549417665.0, 0.61, 0.93, 0.76, 217.67, 1949.55, 438.98, 101.59, 696.58, 77.34] True
[1549417725.0, 0.61, 0.94, 0.76, 217.73, 1887.12, 437.97, 101.51, 624.19, 77.1] True
[1549417785.0, 0.61, 0.91, 0.76, 216.82, 2012.84, 438.98, 97.95, 868.91, 76.08] True
[1549417845.0, 0.61, 0.94, 0.76, 216.98, 1888.91, 438.55, 97.37, 624.18, 77.59] True
[1549417908.0, 0.61, 0.94, 0.76, 217.18, 1839.51, 438.1, 98.08, 556.21, 78.88] True
[1549417968.0, 0.61, 0.92, 0.76, 217.38, 1934.91, 439.8, 100.06, 765.12, 78.17] True
[1549418027.0, 0.61, 0.94, 0.76, 218.08, 1834.75, 439.41, 102.3, 549.89, 79.07] True
[1549418087.0, 0.61, 0.95, 0.76, 218.06, 1826.58, 439.94, 102.15, 530.01, 78.94] True
[1549418147.0, 0.61, 0.94, 0.76, 218.04, 1824.63, 439.25, 102.36, 530.83, 79.48] True
[1549418207.0, 0.61, 0.91, 0.76, 217.94, 1951.88, 439.39, 103.12, 781.11, 78.46] True
[1549418267.0, 0.61, 0.94, 0.75, 217.88, 1825.2, 438.46, 103.23, 537.87, 80.42] True
[1549418327.0, 0.61, 0.94, 0.75, 217.76, 1835.91, 438.63, 102.63, 537.48, 79.91] True
[1549418388.0, 0.61, 0.91, 0.76, 217.65, 2063.28, 439.04, 102.74, 897.61, 77.53] True
[1549418448.0, 0.61, 0.92, 0.76, 217.03, 2133.79, 438.69, 99.74, 863.58, 76.9] True
[1549418508.0, 0.61, 0.92, 0.76, 216.7, 2106.58, 439.07, 97.75, 846.97, 76.98] True
[1549418568.0, 0.61, 0.92, 0.76, 216.7, 2091.9, 438.82, 97.67, 829.74, 76.97] True
[1549418628.0, 0.61, 0.92, 0.76, 216.89, 2039.36, 439.87, 98.51, 757.86, 78.71] True
[1549418689.0, 0.61, 0.92, 0.76, 217.49, 2034.22, 438.72, 101.21, 755.97, 78.25] True
[1549418749.0, 0.61, 0.93, 0.76, 217.6, 2034.26, 437.94, 101.37, 748.62, 77.66] True
[1549418809.0, 0.6, 0.93, 0.76, 217.6, 2030.02, 438.17, 101.09, 747.98, 76.85] True
[1549418869.0, 0.6, 0.93, 0.76, 217.67, 2029.54, 439.2, 101.39, 748.27, 76.95] True
[1549418930.0, 0.6, 0.93, 0.76, 217.77, 2039.46, 439.26, 102.04, 748.56, 77.82] True
[1549418990.0, 0.61, 0.92, 0.76, 217.9, 2035.66, 438.64, 103.15, 750.7, 79.14] True
[1549419050.0, 0.61, 0.93, 0.76, 217.82, 2033.13, 438.96, 102.77, 749.32, 78.78] True
[1549419110.0, 0.61, 0.93, 0.76, 217.72, 2029.43, 438.44, 102.48, 745.13, 78.11] True
[1549419171.0, 0.61, 0.93, 0.76, 217.35, 2021.27, 438.66, 100.28, 735.82, 77.45] True
[1549419231.0, 0.61, 0.92, 0.76, 216.54, 2141.79, 439.25, 97.92, 826.98, 76.48] True
[1549419291.0, 0.61, 0.91, 0.76, 216.35, 2241.71, 438.04, 98.16, 936.76, 75.69] True
[1549419351.0, 0.62, 0.91, 0.76, 216.18, 2280.2, 438.38, 97.49, 999.12, 74.58] True
[1549419412.0, 0.61, 0.9, 0.76, 216.49, 2292.98, 438.37, 99.11, 1024.5, 74.5] True
[1549419472.0, 0.61, 0.9, 0.76, 216.89, 2284.29, 438.32, 101.18, 1028.91, 74.39] True
[1549419532.0, 0.61, 0.91, 0.75, 217.06, 2204.51, 438.8, 101.34, 933.21, 74.66] True
[1549419592.0, 0.61, 0.91, 0.76, 216.97, 2199.4, 437.58, 100.78, 929.1, 74.22] True
[1549419653.0, 0.61, 0.91, 0.76, 216.88, 2198.73, 438.14, 100.04, 933.72, 73.66] True
[1549419713.0, 0.61, 0.91, 0.76, 216.84, 2194.68, 438.48, 98.89, 924.29, 72.73] True
[1549419773.0, 0.61, 0.91, 0.76, 216.9, 2190.27, 438.17, 99.26, 924.75, 72.94] True
[1549419833.0, 0.61, 0.91, 0.76, 216.93, 2191.3, 439.14, 99.92, 928.6, 73.61] True
[1549419894.0, 0.61, 0.91, 0.76, 216.97, 2184.84, 440.19, 100.26, 923.23, 74.43] True
[1549419954.0, 0.61, 0.92, 0.76, 216.27, 2136.63, 438.42, 96.47, 857.96, 75.13] True
[1549420014.0, 0.61, 0.92, 0.76, 216.35, 2116.92, 439.71, 96.49, 830.9, 74.7] True
[1549420074.0, 0.61, 0.92, 0.75, 216.33, 2128.9, 480.86, 96.6, 837.48, 72.8] True
[1549420135.0, 0.61, 0.92, 0.75, 216.53, 2122.98, 468.83, 98.11, 841.26, 76.16] True
[1549420195.0, 0.61, 0.91, 0.75, 217.2, 2206.03, 465.88, 101.29, 909.75, 75.23] True
[1549420255.0, 0.61, 0.91, 0.75, 217.2, 2201.2, 466.33, 101.25, 927.73, 74.67] True
[1549420315.0, 0.61, 0.91, 0.75, 217.26, 2198.98, 465.35, 101.9, 942.83, 75.07] True
[1549420376.0, 0.61, 0.91, 0.75, 217.41, 2198.83, 466.21, 102.41, 943.39, 76.01] True
[1549420436.0, 0.61, 0.92, 0.75, 217.48, 2143.78, 467.22, 102.44, 869.29, 77.05] True
[1549420496.0, 0.61, 0.92, 0.75, 217.52, 2048.75, 464.76, 101.74, 768.29, 77.63] True
[1549420556.0, 0.61, 0.94, 0.75, 217.67, 1929.25, 466.28, 101.62, 647.54, 78.26] True
[1549420617.0, 0.61, 0.94, 0.75, 217.66, 1928.89, 460.02, 101.53, 645.23, 78.19] True
[1549420677.0, 0.61, 0.94, 0.75, 217.26, 1930.3, 454.09, 100.02, 641.81, 79.5] True
[1549420737.0, 0.61, 0.94, 0.75, 217.02, 1935.38, 453.98, 99.02, 642.19, 79.77] True
[1549420797.0, 0.61, 0.9, 0.75, 216.83, 2102.54, 454.79, 99.42, 977.93, 77.86] True
[1549420858.0, 0.62, 0.94, 0.75, 217.07, 1934.29, 453.08, 99.57, 650.53, 80.54] True
[1549420918.0, 0.61, 0.94, 0.75, 217.89, 1931.57, 452.96, 104.34, 646.14, 81.54] True
[1549420978.0, 0.61, 0.94, 0.76, 218.06, 1932.07, 440.61, 104.6, 644.92, 79.9] True
[1549421038.0, 0.61, 0.92, 0.75, 217.93, 1979.11, 452.28, 104.88, 784.11, 79.5] True
[1549421099.0, 0.61, 0.92, 0.75, 217.79, 2095.24, 468.15, 104.88, 853.69, 79.12] True
[1549421159.0, 0.61, 0.93, 0.75, 217.97, 2013.85, 476.28, 104.89, 732.19, 78.95] True
[1549421219.0, 0.61, 0.93, 0.75, 217.9, 2004.59, 482.31, 104.4, 729.98, 77.36] True
[1549421279.0, 0.61, 0.9, 0.75, 217.72, 2110.67, 483.91, 104.4, 967.72, 75.22] True
[1549421340.0, 0.61, 0.93, 0.75, 217.91, 1983.73, 483.17, 104.54, 710.07, 77.12] True
[1549421400.0, 0.61, 0.93, 0.75, 217.39, 1983.25, 482.67, 101.72, 693.92, 77.38] True
[1549421460.0, 0.61, 0.93, 0.75, 217.08, 2011.65, 483.13, 100.4, 740.6, 77.35] True
[1549421520.0, 0.61, 0.9, 0.75, 216.94, 2152.18, 483.54, 100.95, 1013.01, 75.69] True
[1549421581.0, 0.62, 0.93, 0.75, 217.08, 2006.47, 483.46, 100.29, 737.9, 76.67] True
[1549421643.0, 0.61, 0.93, 0.75, 217.99, 2010.08, 484.76, 104.18, 739.56, 76.1] True
[1549421701.0, 0.61, 0.93, 0.75, 217.99, 2007.53, 486.72, 104.31, 735.73, 75.81] True
[1549421761.0, 0.61, 0.89, 0.75, 217.89, 2149.5, 484.88, 105.8, 1024.26, 76.14] True
[1549421823.0, 0.61, 0.93, 0.75, 218.13, 2009.12, 484.11, 105.75, 743.15, 78.58] True
[1549421883.0, 0.61, 0.93, 0.75, 218.1, 2009.13, 483.54, 105.51, 741.98, 78.18] True
[1549421942.0, 0.61, 0.91, 0.75, 218.09, 2047.52, 484.44, 105.71, 843.85, 77.31] True
